{"cameraMode":{"drawMode":0,"name":"Shaded","section":"Shading Mode"},"sceneLighting":false,"audioPlay":false,"sceneViewState":{"showFog":false,"showMaterialUpdate":false,"showSkybox":false,"showFlares":false,"showImageEffects":false,"showParticleSystems":false},"in2DMode":false,"pivot":{"x":0.2100263237953186,"y":2.9508697986602785,"z":15.557201385498047},"rotation":{"x":0.5232245326042175,"y":-0.04257206246256828,"z":0.02618306875228882,"w":0.8507294058799744},"size":3.1543972492218019,"orthographic":false}