{"cameraMode":{"drawMode":0,"name":"Shaded","section":"Shading Mode"},"sceneLighting":false,"audioPlay":false,"sceneViewState":{"showFog":false,"showMaterialUpdate":false,"showSkybox":false,"showFlares":false,"showImageEffects":false,"showParticleSystems":false},"in2DMode":false,"pivot":{"x":18.388500213623048,"y":19.191001892089845,"z":10.83400821685791},"rotation":{"x":0.2376224845647812,"y":-0.39891496300697329,"z":0.10783041268587113,"w":0.8790765404701233},"size":15.0851469039917,"orthographic":false}