{"cameraMode":{"drawMode":0,"name":"Shaded","section":"Shading Mode"},"sceneLighting":false,"audioPlay":false,"sceneViewState":{"showFog":false,"showMaterialUpdate":false,"showSkybox":false,"showFlares":false,"showImageEffects":false,"showParticleSystems":false},"in2DMode":false,"pivot":{"x":-1.9946105480194092,"y":6.83415412902832,"z":9.165351867675782},"rotation":{"x":-0.5980870127677918,"y":0.06162315234541893,"z":-0.04622402787208557,"w":-0.7977700233459473},"size":22.221981048583986,"orthographic":false}