{"cameraMode":{"drawMode":0,"name":"Shaded","section":"Shading Mode"},"sceneLighting":false,"audioPlay":false,"sceneViewState":{"showFog":false,"showMaterialUpdate":false,"showSkybox":false,"showFlares":false,"showImageEffects":false,"showParticleSystems":false},"in2DMode":false,"pivot":{"x":-0.40697741508483889,"y":52.95094299316406,"z":3.5574588775634767},"rotation":{"x":-0.703975260257721,"y":0.03374772146344185,"z":-0.03353320062160492,"w":-0.7086325883865356},"size":6.4899725914001469,"orthographic":true}