{"cameraMode":{"drawMode":0,"name":"Shaded","section":"Shading Mode"},"sceneLighting":false,"audioPlay":false,"sceneViewState":{"showFog":false,"showMaterialUpdate":false,"showSkybox":false,"showFlares":false,"showImageEffects":false,"showParticleSystems":false},"in2DMode":false,"pivot":{"x":-5.57406759262085,"y":4.429657936096191,"z":0.4203047752380371},"rotation":{"x":0.31398898363113406,"y":-0.41133472323417666,"z":0.15341883897781373,"w":0.8418329358100891},"size":30.587169647216798,"orthographic":false}